WBS,Cấp,Tên công việc,Phụ trách,Bắt đầu,Thời hạn,Hạn (ghi chú),% Hoàn thành,Trạng thái,Kết quả tuần,Hành động tiếp theo,Ghi chú,Sửa lần cuối
I,1,Mua hàng – Kho,,,,,0,Chưa thực hiện,,,,2026-10-02T09:00:00+07:00
I.1,2,Gửi tài liệu SOW / hướng dẫn kỹ thuật cho ban cố vấn,Ms. Dương,,,Sau cuộc họp,100,Hoàn thành,,Xác nhận đã gửi đủ tài liệu,,2026-10-02T09:00:00+07:00
I.2,2,Tổng hợp câu hỏi chốt với MISA/Dcorp,Ms. Dương,,,Sau cuộc họp,100,Hoàn thành,,Gửi danh sách và chốt đầu mối phản hồi,,2026-10-02T09:00:00+07:00
I.3,2,Thống nhất quy trình kho điều chuyển trên MISA,Bà Thủy,,,,100,Hoàn thành,,Chốt quy trình và điểm kiểm soát,,2026-10-02T09:00:00+07:00
I.4,2,"Xây dựng master data theo size, nhóm và trạng thái",Ban TCT/ Ban Cố vấn,,2026-10-12,Trước UAT,60,Đang thực hiện,,"Anh Đạo hoàn thiện cấp 3, gửi lại chị Hoa để hoàn thiện cấp 5 -> chị Hoa gia h ạn tới 12/10",,2026-10-02T16:47:25.005Z
I.5,2,Chốt nơi khai báo BOM / định mức / PR / PO,Ban TCT,,2026-09-30,,100,Hoàn thành,,Phê duyệt MISA hoặc RK là hệ thống chủ,,2026-10-02T09:00:00+07:00
I.5.1,3,Chốt lại nơi khai báo PR PO /Bom mua hàng,Ban TCT,,2026-10-06,,40,Đang thực hiện,,,,2026-10-02T16:45:26.318Z
I.6,2,Đánh giá golive module tích hợp cân điện tử trên RK,Toàn dự án,,2026-09-30,,40,Chưa thực hiện,,Đánh giá Go/No-Go và xác nhận mốc,,2026-10-02T09:00:00+07:00
I.7,2,Làm việc với Dcorp về cân điện tử,Ban TCT,,2026-09-30,,50,Đang thực hiện,,BA với Dcorp,,2026-10-02T16:31:04.892Z
I.8,2,Làm việc với MISA chốt Scope of work,Ban TCT,,2026-09-30,,90,Hoàn thành,,Trao đổi lại phần scope of work với MISA,,2026-10-02T09:00:00+07:00
I.9,2,Phân tích các phương án về kho và mua hàng tập trung,Ban TCT,,2026-09-30,,100,Hoàn thành,,,,2026-10-02T16:47:36.955Z
I.9.1,3,Gửi lại misa BA và phản hồi,,,2026-10-07,,30,Đang thực hiện,,,,2026-10-02T16:48:02.167Z
I.10,2,RACI phân quyền tạo mã NVL,Ban TCT,,2026-09-30,,0,Chưa thực hiện,,Chưa chốt dược việc phân quyền tạo mã NVL,,2026-10-02T16:48:16.762Z
II,1,Bán hàng – Thu tiền,,,,,0,Chưa thực hiện,,,,2026-10-02T09:00:00+07:00
II.1,2,Hoàn thành luồng tích hợp cọc,Dcorp/ Ban TCT,,2026-09-19,,100,Hoàn thành,,,,2026-10-02T09:00:00+07:00
II.2,2,Test tích hợp,Ban TCT/ KT CVL,,2026-09-25,,100,Đang thực hiện,,,,2026-10-02T09:00:00+07:00
II.3,2,Golive tích hợp doanh thu – thu tiền (Đợt 1),Ban TCT/ KT CVL,,,,0,Chưa thực hiện,,,,2026-10-02T09:00:00+07:00
II.3.1,3,Cửu Vân Long – Bitexco,Ban TCT/ KT CVL,,2026-09-23,,100,Hoàn thành,,,,2026-10-02T09:00:00+07:00
II.3.2,3,Cửu Vân Long – Parc Mall,Ban TCT/ KT CVL,,2026-09-25,,100,Hoàn thành,,,,2026-10-02T09:00:00+07:00
II.3.3,3,Cửu Vân Long – Landmark 81,Ban TCT/ KT CVL,,2026-09-25,,100,Hoàn thành,,,,2026-10-02T09:00:00+07:00
II.3.4,3,Cửu Vân Long – Sài Gòn Marina,Ban TCT/ KT CVL,,2026-09-25,,100,Hoàn thành,,,,2026-10-02T09:00:00+07:00
II.4,2,Golive tích hợp Đợt 2 (28/09),Ban TCT/ KT CVL,,,,0,Chưa thực hiện,,,,2026-10-02T09:00:00+07:00
II.4.1,3,Cửu Vân Long – Thái Hà,Ban TCT/ KT CVL,,2026-09-28,,100,Hoàn thành,,,,2026-10-02T09:00:00+07:00
II.4.2,3,Cửu Vân Long – Trần Phú,Ban TCT/ KT CVL,,2026-09-28,,100,Hoàn thành,,,,2026-10-02T09:00:00+07:00
II.4.3,3,Cửu Vân Long – Vincom Bà Triệu,Ban TCT/ KT CVL,,2026-09-28,,100,Hoàn thành,,,,2026-10-02T09:00:00+07:00
II.4.4,3,Cửu Vân Long – Hà Nội Center,Ban TCT/ KT CVL,,2026-09-28,,100,Hoàn thành,,,,2026-10-02T09:00:00+07:00
II.4.5,3,Cửu Vân Long – Aeon Mall Lê Chân (Hải Phòng),Ban TCT/ KT CVL,,2026-09-28,,100,Hoàn thành,,,,2026-10-02T09:00:00+07:00
II.4.6,3,Cửu Vân Long – Vincom Quang Trung,Ban TCT/ KT CVL,,2026-09-28,,100,Hoàn thành,,,,2026-10-02T09:00:00+07:00
II.4.7,3,Cửu Vân Long – Co.opmart Lý Thường Kiệt,Ban TCT/ KT CVL,,2026-09-28,,100,Hoàn thành,,,,2026-10-02T09:00:00+07:00
II.4.8,3,Cửu Vân Long – Vincom Biên Hòa,Ban TCT/ KT CVL,,2026-09-28,,100,Hoàn thành,,,,2026-10-02T09:00:00+07:00
II.4.9,3,Cửu Vân Long – Vincom Thủ Đức,Ban TCT/ KT CVL,,2026-09-28,,100,Hoàn thành,,,,2026-10-02T09:00:00+07:00
II.5,2,Tích hợp danh mục tự động từ RK về MISA,Ban TCT/ KT CVL,,2026-10-09,,40,Đang thực hiện,,Dự kiến hoàn thành thứ 6 tuần sau,,2026-10-02T16:53:54.359Z
III,1,Làm sạch dữ liệu,,,,,0,Chưa thực hiện,,,,2026-10-02T09:00:00+07:00
III.1,2,Công tác làm sạch dữ liệu,Ban TCT / KT CVL,,2026-10-31,,60,Đang thực hiện,,,,2026-10-02T09:00:00+07:00
IV,1,Báo cáo quản trị,,,,,0,Chưa thực hiện,,,,2026-10-02T09:00:00+07:00
IV.1,2,Làm việc với Mr. Đạo về các trường thông tin báo cáo quản trị,Ban TCT,,,,50,Đang thực hiện,,,,2026-10-02T09:00:00+07:00
IV.2,2,Báo cáo kinh doanh từ 01/08 – 23/09,Ban TCT,,,,100,Hoàn thành,,,,2026-10-02T09:00:00+07:00
IV.3,2,Kế hoạch vận hành báo cáo kinh doanh hàng ngày,CNTT CVL,,,,0,Chưa thực hiện,,Check các công việc cần thực hiện để vận hành báo cáo kinh doanh theo ngày hàng tuần,,2026-10-02T09:00:00+07:00
V,1,Vận hành,,,,,0,Chưa thực hiện,,,,2026-10-02T09:00:00+07:00
V.1,2,Vận hành hệ thống RK hàng ngày,,,,Hằng ngày,0,Đang thực hiện,,,,2026-10-02T09:00:00+07:00
V.2,2,Vận hành & Hệ thống,,,,,0,Chưa thực hiện,,,,2026-10-02T09:00:00+07:00
V.2.1,3,Theo dõi & báo cáo lỗi tách bill,A Tuấn (DCorp),,,Thường xuyên,50,Đang thực hiện,,,,2026-10-02T16:48:36.122Z
V.2.2,3,Cung cấp DS thông tin khách hàng cần sửa,C Quỳnh (CVL),,,Tuần tới,50,Đang thực hiện,,,,2026-10-02T16:48:45.093Z
V.2.3,3,Mở form chỉnh sửa thông tin KH & tích điểm,Nam (DCorp),,2026-09-30,,85,Đang thực hiện,,,,2026-10-02T16:49:02.286Z
V.2.4,3,Cập nhật file log lỗi Skybooking,A Tiến (CVL),,,Sớm nhất,0,Đang thực hiện,,,,2026-10-02T09:00:00+07:00
V.2.5,3,Xử lý lỗi Skybooking,A Tuấn (DCorp),,,Chờ timeline,0,Chưa thực hiện,,,,2026-10-02T09:00:00+07:00
V.3,2,Kế toán & Hóa đơn,,,,,0,Chưa thực hiện,,,,2026-10-02T09:00:00+07:00
V.3.1,3,Xuất lại 61 HĐĐT ngày 29/08,C Nhi (CVL),,2026-09-21,,100,Hoàn thành,,,,2026-10-02T16:52:01.044Z
V.3.2,3,Xóa dữ liệu hóa đơn test/hủy,A Tuấn (DCorp),,,Sớm nhất,100,Hoàn thành,,,,2026-10-02T16:52:05.842Z
V.3.3,3,Bổ sung cảnh báo (pop-up) đóng ca chung,A Tuấn (DCorp),,,Sớm nhất,50,Ghi nhận,,,,2026-10-02T16:52:09.602Z
